week_starting_date,sales,bing_brand_search_clicks,bing_brand_search_spend,blackfriday_dummy,covid_trend,google_brand_search_clicks,google_brand_search_imp,google_brand_search_spend,google_display_clicks,google_display_imp,google_display_spend,google_nonbrand_search_clicks,google_nonbrand_search_imp,google_nonbrand_search_spend,google_video_clicks,google_video_imp,google_video_spend,gwp_units_distributed,launch_fragrance_trend,launch_makeup_trend,launch_skincare_trend,market_sales,mothersday_dummy,nongoogle_display_spend,nongoogle_video_spend,pinterest_awareness_imp,pinterest_awareness_spend,pinterest_conversion_imp,pinterest_conversion_spend,print_coop_spend,print_pure_spend,samples_quantity_distributed,snap_awareness_imp,snap_awareness_spend,snap_conversion_imp,snap_conversion_spend,tiktok_awareness_imp,tiktok_awareness_spend,tv_coop_spend,tv_pure_imp,tv_pure_spend,vday_dummy,xmas_dummy,youtube_video_spend,fbig_spend,fbig_imp,youtube_video_imp,outdoor_impressions,outdoor_spend
2019-01-07,6096762.507,2900.876792,8535.21302,0,0.0,6445.107608,225599.0242,5970.834004,192.4504287,72160.54337,385.8137691,8048.567587,301929.6205,19863.90532,417.4897173,123341.3477,1587.068827,21235,0.0,0.657774623,0.0,244615570.5,0,0.0,0.0,0.0,0.0,0.0,0.0,291.8425987,68696.88,285111,0.0,0.0,0.0,0.0,0.0,0.0,0.0,0.0,0.0,0,0,6008.761614,0.0,0.0,532627.153,0.0,0.0
2019-01-14,6089210.232,2256.867035,7213.173676,0,0.0,5744.447122,207751.3388,5045.997395,77.50863949,34493.54652,193.1763037,7100.407923,270855.2619,17575.17649,503.8061567,150301.5829,1892.740036,0,0.038621946,0.463318306,0.0,252592629.6,0,0.0,0.0,0.0,0.0,0.0,0.0,291.8422916,128080.3829,489603,0.0,0.0,0.0,0.0,0.0,0.0,0.0,0.0,0.0,0,0,4042.481588,0.0,0.0,363528.0914,0.0,0.0
2019-01-21,6508506.821,834.1279837,7174.73454,0,0.0,5925.447411,211989.2117,5019.107181,188.9273088,84085.8641,459.4632421,4985.655157,198156.1215,12181.65413,413.0858173,135798.2191,1711.43568,0,0.221528923,0.379553823,0.0,255581660.5,0,0.0,0.0,0.0,0.0,0.0,0.0,291.8416759,138871.5783,302329,0.0,0.0,0.0,0.0,0.0,0.0,0.0,0.0,0.0,0,0,3810.115377,0.0,0.0,355039.5218,0.0,0.0
2019-01-28,7022937.059,1875.37152,7815.470738,0,0.0,6411.197578,261913.143,5467.33612,221.0757785,103102.3446,552.3805692,5072.411987,193075.7825,12393.20868,726.2031052,313427.3225,3413.520265,0,0.023616164,0.0,0.0,247669570.3,0,0.0,0.0,0.0,0.0,0.0,0.0,13837.33127,0.0,371304,0.0,0.0,0.0,0.0,0.0,0.0,0.0,0.0,0.0,0,0,7283.561874,0.0,0.0,596112.9866,0.0,0.0
2019-02-04,19633182.66,2128.442802,9028.506866,0,0.0,7195.532163,283329.3085,6315.919202,1185.529872,1881717.316,6625.467437,6423.088108,227563.1636,15256.21928,1536.96109,1156974.104,10973.40743,0,0.032639321,0.00132715,0.0,302047590.6,0,0.0,0.0,0.0,0.0,0.0,0.0,31897.98436,102556.3703,468574,0.0,0.0,0.0,0.0,0.0,0.0,191864.9895,0.0,0.0,0,0,25594.41092,0.0,0.0,2251435.041,0.0,0.0
2019-02-11,12143474.27,2207.134122,9331.115908,0,0.0,6759.986456,293126.2244,6527.61027,2989.80769,5153010.843,17620.74393,6428.813178,230271.5621,15424.66846,1894.117378,1818067.31,17235.52912,0,0.0,0.041399347,0.00070642,344583075.9,0,0.0,0.0,0.0,0.0,0.0,0.0,30455.0783,0.0,208336,0.0,0.0,0.0,0.0,0.0,0.0,191864.9895,0.0,0.0,1,0,28391.3909,0.0,0.0,2549329.028,0.0,0.0
2019-02-18,9691781.544,1704.76874,7430.160267,0,0.0,4640.82979,161760.0902,5197.791019,1134.885023,1994596.319,7583.594122,6520.854687,239695.4676,15136.64019,1014.218163,1171058.217,10726.01031,0,0.0,0.019437,0.042161779,295607498.4,0,0.0,0.0,0.0,0.0,0.0,0.0,12580.87052,172271.2084,829297,0.0,0.0,0.0,0.0,0.0,0.0,191864.9895,0.0,0.0,0,0,12064.52911,0.0,0.0,1120415.988,0.0,0.0
2019-02-25,7689159.563,1597.748545,6198.804799,0,0.0,3826.989075,93100.64734,4336.392588,1394.274731,2431316.546,8957.462273,5998.992541,229529.0645,13790.82157,881.6607742,652310.0676,6222.998877,0,0.25167989,0.0025707,0.054890715,291426045.5,0,0.0,0.0,0.0,0.0,0.0,0.0,13242.87603,0.0,712828,0.0,0.0,0.0,0.0,0.0,0.0,0.0,0.0,0.0,0,0,9795.513818,0.0,0.0,901653.6962,0.0,0.0
2019-03-04,10234521.56,1814.307056,7126.890218,0,0.0,4476.564321,171533.225,4985.637542,1411.449941,2262162.748,8559.812521,5557.281373,184579.7787,13539.39851,1532.55719,1031359.904,9866.597173,185897,2.562053252,0.0069388,0.107267787,331431098.6,0,0.0,0.0,0.0,0.0,0.0,0.0,31621.18674,0.0,673603,0.0,0.0,0.0,0.0,0.0,0.0,28401.06753,0.0,0.0,0,0,9919.139644,0.0,0.0,885470.6078,0.0,0.0
2019-03-11,9309029.17,1716.10029,9041.166726,0,0.0,5948.347691,275232.2981,6324.775445,1650.141319,2892995.436,11191.91435,5203.648206,171564.9331,12826.26178,1916.577267,1238496.018,12756.78669,100412,6.138200002,0.033388586,1.050438807,313024858.3,0,0.0,0.0,0.0,0.0,0.0,0.0,31806.19208,124936.1083,262005,0.0,0.0,0.0,0.0,0.0,0.0,28401.06753,0.0,0.0,0,0,13554.999,0.0,0.0,1072549.25,0.0,0.0
2019-03-18,12102722.8,1461.140415,9687.55687,0,0.0,6383.012618,302482.7503,6776.959619,2128.404856,3771744.352,14381.07662,4656.683829,160591.2952,11685.26855,1142.812042,950705.5583,9198.074751,3528,13.43613285,0.0099693,1.584969474,378219177.7,0,0.0,0.0,0.0,0.0,365287.8872,1466.832028,1587.112636,0.0,449101,0.0,0.0,0.0,0.0,0.0,0.0,28401.06753,0.0,0.0,0,0,19186.10314,0.0,0.0,1485778.809,0.0,0.0
2019-03-25,9283960.822,1592.712301,6094.415181,0,0.0,4669.455139,194113.7818,4263.366517,1909.090637,3270127.814,13680.0623,5093.110317,174979.2768,13208.83297,995.2813935,646405.3185,6776.71537,0,10.22843952,0.033977548,2.310732842,355806210.9,0,0.0,0.0,0.0,0.0,1213088.539,5663.837453,476.8806485,346712.6402,632548,0.0,0.0,0.0,0.0,0.0,0.0,0.0,0.0,0.0,0,0,17619.13572,0.0,0.0,1261825.234,0.0,0.0
2019-04-01,8030813.165,1411.407502,5280.962097,0,0.0,4353.695511,208962.8517,3694.312959,804.1521347,932129.4679,4133.360723,5303.616735,203297.6748,12834.14916,1772.569738,477717.0129,5269.9098,3000,10.77617857,0.481246953,3.355096437,305307156.2,0,0.0,0.0,0.0,0.0,342759.8341,1968.218926,12306.02374,0.0,367026,0.0,0.0,0.0,0.0,0.0,0.0,59168.89068,0.0,0.0,0,0,9911.156297,0.0,0.0,776745.5416,0.0,0.0
2019-04-08,7843202.927,1288.649044,5529.576649,0,0.0,4085.057613,255101.6309,3868.232018,811.6387647,1130443.689,4946.50557,5231.392776,163785.4438,12310.25242,2180.811266,649690.1875,6727.313442,38562,14.42070991,1.269473733,4.501010415,294014825.4,0,20573.32966,0.0,0.0,0.0,102470.6654,499.3714763,15819.24378,102980.9279,283944,0.0,0.0,0.0,0.0,0.0,0.0,59168.89068,0.0,0.0,0,0,9887.215753,0.0,0.0,731250.7597,0.0,0.0
2019-04-15,10981537.49,1214.364438,3819.145692,0,0.0,2733.060322,119671.1374,2671.694885,2595.658643,3121028.936,9579.78375,5296.130105,159996.3283,12546.92681,2204.592326,607289.879,6208.477699,0,19.11838514,1.079326369,6.801142777,308814771.7,0,20573.32966,0.0,0.0,0.0,123.2528835,0.0,15819.84762,94093.62343,230330,0.0,0.0,0.0,0.0,0.0,0.0,59168.89068,0.0,0.0,0,0,12696.93727,0.0,0.0,4236796.123,0.0,0.0
2019-04-22,8798635.058,1359.156466,3882.717825,0,0.0,2749.354752,47785.83781,2716.166962,2163.636056,3705754.993,11299.58231,5337.967155,160167.64,12553.78808,1901.604008,505155.5116,5192.878609,0,25.21773811,2.245585034,9.275725767,313920748.1,0,20573.32966,0.0,0.0,0.0,117.3129855,0.0,7034.594762,257917.8309,228922,0.0,0.0,0.0,0.0,0.0,0.0,59168.89068,0.0,0.0,0,0,16603.8248,0.0,0.0,8522927.277,0.0,0.0
2019-04-29,9088033.069,1983.650775,5240.483028,0,0.0,2590.814353,53501.21919,3665.995704,2761.685672,4374402.209,14127.51098,5570.052683,158679.1218,11516.7357,415.2877673,152555.4989,2023.091678,0,26.93197324,2.295639489,12.30344105,400513086.4,0,0.0,0.0,0.0,0.0,109.3931215,0.0,27329.32676,0.0,230829,0.0,0.0,0.0,0.0,0.0,0.0,0.0,0.0,0.0,0,0,4981.647374,6283.43468,526737.666,4777250.986,0.0,0.0
2019-05-06,25955030.73,1957.210492,6197.161724,0,0.0,2721.610182,56760.54556,4335.243171,650.0156357,732882.9407,4486.323447,5760.741552,157798.7822,11232.48598,59.45264961,202986.319,3653.753742,0,28.26141514,2.042604025,8.288999147,462255719.5,1,0.0,19750.39662,0.0,0.0,102.0,0.0,36851.13955,10961.21599,808806,0.0,0.0,0.0,0.0,0.0,0.0,146896.6326,0.0,0.0,0,0,0.0,18912.86293,1500843.631,0.0,0.0,0.0
2019-05-13,9793229.745,2359.480516,4489.887453,0,0.0,2168.920736,44992.44405,3140.914306,239.5721584,158110.1379,2845.982483,5848.379162,154577.3294,11706.72875,50.20445967,168016.2705,3024.292869,0,22.63237111,2.632453857,7.692703128,295458578.9,0,0.0,19750.39662,0.0,0.0,110.3831045,0.0,36851.14291,136054.0395,478114,0.0,0.0,0.0,0.0,0.0,0.0,146896.6326,0.0,0.0,0,0,0.0,8320.434234,625166.7263,0.0,0.0,0.0
2019-05-20,9953995.288,2214.688488,5480.523028,0,0.0,2417.741084,43253.78435,3833.91641,221.9565585,145836.0283,2625.048509,6169.863859,158784.375,12024.19269,47.56211969,178148.3232,3206.669817,3198,20.94212102,2.852857524,7.59209847,289030005.4,0,0.0,19750.39662,0.0,0.0,77.71366549,0.0,21490.0307,69175.35703,382228,0.0,0.0,0.0,0.0,0.0,0.0,146896.6326,0.0,0.0,0,0,0.0,4241.990412,329951.039,0.0,0.0,0.0
2019-05-27,7779670.759,1723.654656,11291.22854,0,0.0,4467.316131,70965.32491,7898.812969,2469.707104,4204518.685,19855.88162,5153.884136,128043.3917,9694.076004,62.09498959,204948.6969,3689.076543,38430,20.15442301,3.649920197,8.800361328,267042304.5,0,0.0,0.0,0.0,0.0,14.3547535,0.0,16416.42863,0.0,552615,0.0,0.0,0.0,0.0,0.0,0.0,0.0,0.0,0.0,0,0,0.0,0.0,0.0,0.0,0.0,0.0
2019-06-03,9289882.693,1821.861423,6868.304248,0,0.0,2742.748902,48760.42087,4804.742946,1750.550239,2885322.962,13883.49926,2430.512394,55961.6781,4639.006575,36.11197976,144750.0266,2605.500479,0,20.90696701,5.676986326,7.415746778,305597951.4,0,0.0,0.0,0.0,0.0,20.789643,0.0,26620.5785,0.0,208810,0.0,0.0,0.0,0.0,0.0,0.0,0.0,0.0,0.0,0,0,0.0,13444.23715,2148503.125530361,0.0,0.0,0.0
2019-06-10,7877616.601,1889.850722,5410.619955,0,0.0,2537.086773,41879.76755,3785.015504,906.763004,1386706.188,7514.296959,1586.28477,42219.74863,3146.049254,25.54261983,97141.22556,1748.54206,0,24.11773976,9.209585418,7.243822333,330777164.9,0,0.0,0.0,0.0,0.0,53.9540735,0.0,26620.54487,0.0,567189,0.0,0.0,0.0,0.0,0.0,0.0,0.0,0.0,0.0,0,0,0.0,17661.09506,2822392.785350325,0.0,0.0,0.0
2019-06-17,6779537.891,2083.116602,3525.075222,0,0.0,2142.056946,42621.8247,2465.977001,101.7300893,61842.20573,1113.159703,1648.820149,42427.17232,3237.249618,24.66183984,100385.1383,1806.932489,0,17.44908751,8.826549655,8.534093447,279751001.4,0,0.0,0.0,322613.1851,1947.12049,112.3630705,0.0,19098.04119,0.0,508934,0.0,0.0,0.0,0.0,0.0,0.0,0.0,0.0,0.0,0,0,0.0,5969.195235,953928.02702074,0.0,0.0,0.0
2019-06-24,8152210.662,2071.785052,3794.967561,0,0.0,1614.910119,39450.57633,2654.781,288.8958381,135038.5464,2430.693834,1736.457759,45270.77053,3392.619209,26.42339983,115328.0113,2075.904203,0,0.0,8.011642353,7.697089411,277170297.0,0,0.0,0.0,349689.2201,2161.370299,72.76375049,0.0,291.6979301,0.0,476393,0.0,0.0,0.0,0.0,0.0,0.0,0.0,0.0,0.0,0,0,0.0,6456.33976,1031777.8538922858,0.0,0.0,0.0
2019-07-01,6559549.481,1700.991556,4502.641742,0,0.0,1100.094213,33220.81943,3149.836608,0.440389997,41.39665973,0.745139875,5287.762695,116205.2681,9420.140214,0.0,573.3877762,10.32097997,0,0.0,7.434094052,8.297044602,250162302.5,0,32341.27446,0.0,0.0,0.0,0.0,0.0,291.6982982,86858.47207,273099,0.0,0.0,0.0,0.0,0.0,0.0,0.0,0.0,0.0,0,0,0.0,6404.138003,1588772.573,0.0,0.0,0.0
2019-07-08,9809436.038,1620.411645,4829.431053,0,0.0,1299.590881,41215.65944,3378.443055,0.0,0.0,0.0,5671.782773,126888.6891,10174.40497,0.0,0.0,0.0,0,0.0,7.731431664,5.584253235,286625083.9,0,32341.27446,0.0,0.0,0.0,0.0,0.0,291.6986658,49266.73138,512532,0.0,0.0,0.0,0.0,0.0,0.0,0.0,0.0,0.0,0,0,0.0,7229.553695,1887977.912,0.0,0.0,0.0
2019-07-15,8647284.535,1457.992763,5723.547003,0,0.0,1496.8856,42978.5406,4003.924564,0.0,0.0,0.0,5503.994184,125268.9347,10088.43644,0.0,0.0,0.0,0,0.0,8.03242176,6.636966589,289366211.6,0,32341.27446,0.0,0.0,0.0,0.0,0.0,291.6986658,0.0,291780,0.0,0.0,0.0,0.0,0.0,0.0,0.0,0.0,0.0,0,0,0.0,29253.10796,6397122.919,0.0,0.0,0.0
2019-07-22,7670843.895,1340.270549,4548.735969,0,0.0,1653.224049,47067.12133,3182.081963,153.255719,234603.6785,1054.224287,5654.167173,131440.5601,10722.19288,0.0,0.0,0.0,2457,0.0,8.239963358,6.254239937,280741900.8,0,32341.27446,0.0,0.0,0.0,0.0,0.0,291.6986658,21165.40431,264364,0.0,0.0,0.0,0.0,0.0,0.0,0.0,0.0,0.0,0,0,6611.438902,15597.01869,1931496.02,620485.7602,0.0,0.0
2019-07-29,7169139.913,1740.022451,4278.83104,0,0.0,1666.435749,44111.22367,2993.269156,1083.359393,743134.7794,4005.642463,5481.093904,129395.389,10652.84907,66.05849957,18722.74034,523.02508,5481,0.0,8.57120495,6.563995284,290751832.5,0,0.0,0.0,0.0,0.0,0.0,0.0,12580.58837,17348.69147,244009,0.0,0.0,0.0,0.0,0.0,0.0,0.0,0.0,0.0,0,0,8900.654948,33752.82374,9125491.618,1020849.273,0.0,0.0
2019-08-05,16286039.14,1710.434515,6115.769719,0,0.0,2613.714633,56889.13944,4278.305148,1211.953272,1212994.354,6005.011285,5827.680832,131048.613,11488.11475,77.50863949,18936.76988,522.9797199,0,0.0,8.341672999,6.327909929,297056853.4,0,0.0,5760.532349,0.0,0.0,0.0,0.0,21797.25481,206293.8704,349192,0.0,0.0,0.0,0.0,0.0,0.0,145949.9304,0.0,0.0,0,0,7658.683943,28119.24798,9195219.169,923289.9894,0.0,0.0
2019-08-12,9260269.502,1841.37687,5839.78982,0,0.0,3433.720807,72267.11775,4085.242577,1195.658842,1136390.716,5738.982878,5801.257432,132384.3159,11724.08012,147.090259,43957.08717,798.4159616,0,0.0,7.923378936,7.277338409,271317513.3,0,0.0,5760.532349,0.0,0.0,0.0,0.0,21797.25518,0.0,541877,0.0,0.0,0.0,0.0,0.0,0.0,145949.9304,0.0,0.0,0,0,7613.41414,31541.16392,10115126.47,830348.437,0.0,0.0
2019-08-19,8989828.542,2448.244324,6606.633578,0,0.0,3897.451474,76505.43108,4621.69044,1140.610093,1292011.329,6518.292234,5604.403103,132522.5983,11559.18489,219.7546086,123713.9176,1528.267764,0,0.0,9.063756086,6.42002647,352047455.0,0,0.0,5760.532349,0.0,0.0,0.0,0.0,9508.365112,269579.6434,359922,0.0,0.0,0.0,0.0,0.0,0.0,145949.9304,0.0,0.0,0,0,7578.015524,32550.92747,10080579.12,753574.6781,0.0,0.0
2019-08-26,11458412.84,2003.166222,7313.212376,0,0.0,3380.433618,68991.05656,5115.979769,1936.835207,1676861.101,8668.469654,5866.435151,132371.9849,12022.58967,200.3774487,217347.8772,2257.665777,5604,0.0,9.563076732,4.621763927,359328829.6,0,0.0,0.0,0.0,0.0,0.0,0.0,11872.30063,49267.28295,780186,0.0,0.0,0.0,0.0,0.0,0.0,9867.680496,0.0,0.0,0,0,18806.79982,52784.42676,9932985.085,1911183.602,0.0,0.0
2019-09-02,8988057.938,1876.630581,7181.671967,0,0.0,3095.50129,55923.80456,5023.960279,2248.631325,1948714.727,10114.47414,5158.288036,127456.7922,10624.22372,676.8794256,700924.279,6105.542839,0,0.0,9.509611606,4.793163155,276574065.6,0,0.0,5760.532349,0.0,0.0,0.0,0.0,15877.16976,0.0,269382,0.0,0.0,0.0,0.0,0.0,0.0,138147.527,0.0,0.0,0,0,42044.42121,40161.97387,10354802.89,4101108.377,0.0,0.0
2019-09-09,9665573.191,1702.880148,4397.409415,0,0.0,2178.609316,45656.99256,3076.221016,3243.031939,3909142.948,20399.65849,5082.540957,122372.9301,10622.73079,2334.507375,2183822.212,18822.79747,0,0.0,10.25781928,4.101393637,300539916.2,0,0.0,13989.86427,0.0,0.0,0.0,0.0,15972.86443,91388.93241,246753,0.0,0.0,0.0,0.0,0.0,0.0,138147.527,0.0,0.0,0,0,82304.089,39481.06626,9134393.909,7846668.045,0.0,0.0
2019-09-16,9216226.329,1452.326988,5103.037622,0,0.0,2511.544154,51996.40657,3569.845356,3047.05839,4176320.953,21515.33095,5144.195556,125969.5952,10668.61503,2571.877583,1962573.801,16895.45861,0,0.0,10.24263689,4.598828476,315704625.8,0,0.0,13989.86427,0.0,0.0,0.0,0.0,4452.062327,0.0,411483,0.0,0.0,0.0,0.0,0.0,0.0,138147.527,0.0,0.0,0,0,90350.77935,47394.17548,8910809.624,7851876.535,0.0,0.0
2019-09-23,7296708.964,1834.452034,5452.34524,0,0.0,2511.544154,48450.8267,3814.204553,3789.555925,5972474.897,28637.48244,5110.725916,122520.0203,10761.78394,2078.200396,1785880.526,16548.11535,0,0.0,9.985121091,5.14899924,317326399.1,0,0.0,8229.331926,0.0,0.0,0.0,0.0,590.3839844,0.0,355519,0.0,0.0,0.0,0.0,0.0,0.0,128279.8464,0.0,0.0,0,0,100171.7729,45551.63882,6922987.152,7746669.892,0.0,0.0
2019-09-30,10761945.16,2092.559561,7459.930767,0,0.0,3430.197687,58163.62809,5218.617062,7339.099302,5325495.31,26884.97081,5035.419227,121941.7882,10561.33602,1201.383912,657629.098,6857.227628,0,0.0,10.21541464,4.391484174,287738198.5,0,27773.99524,0.0,0.0,0.0,0.0,0.0,37200.52186,14255.8612,629710,0.0,0.0,0.0,0.0,0.0,0.0,0.0,0.0,0.0,0,0,43809.32443,39598.59965,6257458.254,4541012.564,0.0,0.0
2019-10-07,10128820.43,2095.707213,8053.439582,0,0.0,3903.176544,64240.12927,5633.807943,10408.17719,5542195.814,29697.50955,5136.268536,126259.8122,10709.18375,857.8797144,439252.0294,4585.20076,0,0.0,9.000644774,4.479736514,288933437.3,0,27773.99524,41146.65963,0.0,0.0,0.0,0.0,43502.90213,184237.3499,908493,0.0,0.0,0.0,0.0,0.0,0.0,74947.26153,0.0,0.0,0,0,30692.41321,39583.24931,5913265.214,3370293.517,0.0,0.0
2019-10-14,10579812.07,2010.091058,7247.785266,0,0.0,3946.334764,68344.56404,5070.210037,3935.325014,4241440.542,21728.37934,3853.412475,98522.72898,8031.229433,715.1933553,381065.0606,3689.945531,576,0.0,8.615083246,4.757475151,302209412.6,0,27773.99524,41146.65963,0.0,0.0,0.0,0.0,31620.34277,34503.70427,515410,0.0,0.0,0.0,0.0,0.0,0.0,74947.26153,0.0,0.0,0,0,29727.62017,38817.12801,6191308.415,3368458.788,0.0,0.0
2019-10-21,9540770.047,1855.226542,5778.051758,0,0.0,3378.672058,61553.75029,4042.05353,6508.523767,7760973.982,43894.97555,5459.074404,131764.2467,11567.06787,625.3537959,363346.4095,3834.328736,0,0.0,8.089138926,4.188645285,316543699.6,0,27773.99524,41146.65963,0.0,0.0,0.0,0.0,1914.62734,32527.11502,249037,0.0,0.0,0.0,0.0,0.0,0.0,74947.26153,0.0,0.0,0,0,30583.83925,45228.91092,9552643.463,3517644.761,0.0,0.0
2019-10-28,7647281.837,2547.080621,4423.239053,0,0.0,2537.967553,50843.90595,3094.290217,5828.121222,6258083.224,35549.89278,5627.303383,144410.4859,12966.93115,821.3273446,369731.1836,3651.918552,0,0.0,9.086267058,4.82282548,313502154.8,0,0.0,0.0,0.0,0.0,0.0,0.0,2772.694827,24818.09311,109995,0.0,0.0,0.0,0.0,0.0,0.0,0.0,0.0,0.0,0,0,22279.66569,36823.48239,8425351.443,2459006.696,0.0,0.0
2019-11-04,14800451.35,2689.984056,4829.324032,0,0.0,2644.541933,52683.85535,3378.368189,3995.658444,4094194.384,22095.71966,5411.952674,144356.3179,12156.37575,1179.804802,640938.7575,5107.485963,2592,0.0,8.636459139,3.29010308,431940806.9,0,11784.40332,0.0,0.0,0.0,0.0,0.0,12694.23137,64274.34871,114789,0.0,0.0,0.0,0.0,0.0,0.0,403689.6182,0.0,0.0,0,0,25324.92068,49799.40547,8363593.738,2877396.311,0.0,0.0
2019-11-11,11785160.34,2837.923736,4696.669354,0,0.0,2607.549173,48920.72283,3285.569209,3767.536425,4703977.752,23687.87264,2582.887333,67055.10213,5934.598715,1161.748812,739157.177,5924.166938,10,0.0,8.796169833,3.772810943,406806943.1,0,11784.40332,0.0,0.0,0.0,0.0,0.0,16205.23333,76117.79456,162857,0.0,0.0,0.0,0.0,0.0,0.0,403689.6182,0.0,0.0,0,0,20092.2502,90195.70093,11362335.01,2411816.749,0.0,0.0
2019-11-18,10627951.74,4689.373095,6259.107531,0,0.0,3216.608539,62212.57372,4378.577546,2217.363635,2543841.915,13771.37555,0.0,0.0,0.0,1182.447142,773755.0959,5863.248111,204,76.86137351,7.757870164,3.608480304,321605844.8,0,11784.40332,0.0,0.0,0.0,0.0,0.0,16205.1697,175491.3066,767267,0.0,0.0,0.0,0.0,0.0,0.0,403689.6182,0.0,0.0,0,0,18422.10096,111706.4902,12563465.65,2148885.855,0.0,0.0
2019-11-25,17191909.94,4570.39182,8660.816956,1,0.0,3923.434484,72317.3222,6058.700616,2173.324636,2527838.583,14042.76543,4626.29692,118057.9889,10375.54429,1174.079732,766641.4763,5780.409986,204,0.45733589,6.818627299,2.918976973,514423076.9,0,0.0,0.0,0.0,0.0,0.0,0.0,6855.667493,105515.0605,204402,0.0,0.0,0.0,0.0,0.0,0.0,0.0,0.0,0.0,0,0,19490.99382,92894.27075,9726746.914,2321208.279,0.0,0.0
2019-12-02,17642889.19,3056.370839,7245.531546,0,0.0,3632.336696,72800.87042,5068.633441,1584.08282,2039005.687,11952.72746,6253.097569,161160.2791,13902.98009,1359.043531,1167744.722,9738.589612,0,0.0,8.454785053,3.033898131,548076923.1,0,0.0,0.0,0.0,0.0,0.0,0.0,7521.310406,12288.89535,129262,0.0,0.0,0.0,0.0,0.0,0.0,138060.7453,0.0,0.0,0,0,29703.08828,84187.22954,6534955.606,3170355.839,0.0,0.0
2019-12-09,17787325.87,2525.047051,7306.514171,0,0.0,3424.472618,73623.95933,5111.29402,3270.336119,5636991.963,28290.23082,5728.593082,143994.3174,12500.27189,7806.353089,1918100.136,15568.49111,0,0.0,8.057431954,3.237760075,615384615.4,0,0.0,0.0,0.0,0.0,0.0,0.0,37736.57154,0.0,265476,0.0,0.0,0.0,0.0,0.0,0.0,138060.7453,0.0,0.0,0,0,66865.90924,96622.54291,6038121.603,6767753.005,0.0,0.0
2019-12-16,20681419.51,1961.617206,5340.320278,0,0.0,3059.38931,55964.32044,3735.837153,4945.139278,8719721.943,47413.73935,5524.692514,134319.3895,12264.02908,9026.233381,2200619.127,17813.73409,0,0.0,8.632685853,3.643679457,817307692.3,0,0.0,0.0,0.0,0.0,0.0,0.0,17178.5871,0.0,557463,0.0,0.0,0.0,0.0,0.0,0.0,138060.7453,0.0,0.0,0,0,39894.94635,121188.667,7915449.222,4030850.806,0.0,0.0
2019-12-23,14988373.89,2642.769265,4758.81661,0,0.0,3811.135035,56548.27758,3329.044509,6787.290635,9072033.94,45282.76834,6246.491719,138182.931,13520.72598,3645.108006,2520166.109,21919.01117,0,0.0,9.657939742,3.734048549,663461538.5,0,0.0,0.0,106883.0196,1533.086344,1150.0,0.011600126,17178.56815,0.0,231396,0.0,0.0,0.0,0.0,0.0,0.0,0.0,0.0,0.0,0,1,10057.22328,113183.728,10038153.09,910323.2533,0.0,0.0
2019-12-30,7394759.412,2592.40682,4247.127881,0,0.0,3451.776797,62170.29628,2971.091115,1778.735198,2262165.391,10290.29899,7006.604854,145975.632,14724.08284,1169.235442,743160.7625,5676.928831,0,0.0,7.729209158,4.376762005,311200541.6,0,0.0,0.0,0.0,0.0,0.0,0.0,6939.053677,0.0,55628,0.0,0.0,0.0,0.0,0.0,0.0,0.0,0.0,0.0,0,0,0.0,47057.86756,5195264.85,0.0,0.0,0.0
2020-01-06,6128183.483,1723.654656,3360.220056,0,0.0,2671.846112,52967.46651,2350.652072,0.0,0.0,0.0,5890.656601,132526.5618,12795.0073,0.0,0.0,0.0,0,0.0,7.600775732,4.812122381,245756358.5,0,0.0,0.0,0.0,0.0,0.0,0.0,1033.951251,0.0,181213,0.0,0.0,0.0,0.0,0.0,0.0,0.0,0.0,0.0,0,0,0.0,37469.95954,6206210.881,0.0,0.0,0.0
2020-01-13,6077461.292,1353.490691,3982.114404,0,0.0,3066.43555,59451.32844,2785.700138,0.0,0.0,0.0,7446.994851,170532.659,16597.11875,0.0,0.0,0.0,0,0.0,7.410052782,4.937316098,251136338.5,0,0.0,0.0,0.0,0.0,0.0,0.0,1033.950714,114707.674,173029,0.0,0.0,0.0,0.0,0.0,0.0,0.0,0.0,0.0,0,0,0.0,47759.55374,6810030.872,0.0,0.0,0.0
2020-01-20,7084933.66,3160.87291,3879.519809,0,0.0,3106.51104,57197.41243,2713.929781,0.0,0.0,0.0,8148.536116,184707.0514,16767.84474,0.0,0.0,0.0,0,0.0,9.015633209,4.723251401,269361562.7,0,0.0,0.0,0.0,0.0,0.0,0.0,924.9265037,47622.35818,80370,0.0,0.0,0.0,0.0,0.0,0.0,0.0,0.0,0.0,0,0,0.0,43278.57385,4612821.857,0.0,0.0,0.0
2020-01-27,6811065.724,4187.637244,3401.171018,0,0.0,2754.199042,51385.58564,2379.299441,0.0,0.0,0.0,8926.264851,202998.2096,17285.89311,0.0,0.0,0.0,0,0.0,8.356110928,4.238480708,263082597.0,0,0.0,0.0,0.0,0.0,0.0,0.0,6895.116998,194419.6152,102959,0.0,0.0,0.0,0.0,0.0,0.0,0.0,0.0,0.0,0,0,0.0,41096.42315,3677255.92,0.0,0.0,0.0
2020-02-03,18472805.66,4239.88828,3692.045611,0,0.0,2659.515193,52753.43697,2582.781639,648.6944657,651444.7013,3280.894651,7291.977572,155617.5305,12631.61381,502.9253767,203119.3168,1699.016946,0,0.0,7.743955571,4.625113152,299832372.9,0,0.0,0.0,0.0,0.0,0.0,0.0,25323.00179,0.0,37167,0.0,0.0,0.0,0.0,0.0,0.0,173956.5399,0.0,0.0,0,0,56409.83541,42225.59254,3462508.862,4438657.749,0.0,0.0
2020-02-10,12271156.39,3984.298875,2873.819569,0,0.346803496,2078.640786,42005.2787,2010.389145,769.8017149,896853.7887,5042.771296,7480.024101,145714.9211,11518.64259,1388.109271,796466.4485,7138.094465,0,0.048944247,9.070389746,6.081029933,361464876.5,0,0.0,0.0,0.0,0.0,0.0,0.0,41813.2752,74459.01892,187679,0.0,0.0,0.0,0.0,0.0,0.0,173956.5399,0.0,0.0,1,0,70190.10364,43195.05482,4763190.909,5253388.365,0.0,0.0
2020-02-17,10431474.85,4256.256074,3321.588146,0,-1.901109057,2045.171147,46091.2171,2323.627003,2674.048062,1416785.706,13874.94767,7586.15809,146195.8269,12049.91587,1463.85635,1138983.292,10352.66038,0,0.0,7.52750284,5.774697797,301164115.3,0,0.0,0.0,0.0,0.0,0.0,0.0,22024.53908,82977.56748,208046,0.0,0.0,0.0,0.0,0.0,0.0,0.0,0.0,0.0,0,0,80445.44409,35687.74238,4820510.708,6052733.767,0.0,0.0
2020-02-24,8808837.778,4533.249518,3159.387072,0,1.919655272,2039.005687,41416.03689,2210.158752,468.1345669,484101.3467,2816.262493,7284.050552,147734.99,12759.62637,1218.118732,1159740.634,10729.30791,0,0.519526975,7.336502129,5.612059013,295278446.6,0,0.0,0.0,0.0,0.0,0.0,0.0,22047.15429,0.0,70326,0.0,0.0,0.0,0.0,0.0,0.0,0.0,0.0,0.0,0,0,10512.47088,31754.10926,4126601.077,819438.8406,0.0,0.0
2020-03-02,10497654.6,3177.870235,3441.102141,0,2.139952587,2168.920736,39145.38606,2407.233379,775.0863949,894010.1905,5329.514032,5833.846292,121430.4955,10157.76704,2034.601787,1489992.176,14190.03877,0,5.502725052,7.524159467,4.76656268,294573983.9,0,0.0,0.0,0.0,0.0,0.0,0.0,1002.936031,0.0,993971,0.0,0.0,0.0,0.0,0.0,0.0,0.0,0.0,0.0,0,0,30111.17697,26234.53759,4193446.561,2001719.422,0.0,0.0
2020-03-09,6525614.684,3508.373776,2876.83502,0,-1.713905318,1676.124329,36173.63436,2012.498613,608.178586,904475.178,6256.976123,5624.220653,118679.8195,10244.88939,1366.530161,868534.9503,9009.74122,0,11.55117627,6.606795558,6.838700913,275922109.5,0,0.0,0.0,0.0,0.0,0.0,0.0,1002.933392,0.0,670247,0.0,0.0,0.0,0.0,0.0,0.0,0.0,0.0,0.0,0,0,32698.94665,36036.60899,6855203.927,2343335.278,0.0,0.0
2020-03-16,4232459.346,2276.382482,3886.400578,0,-21.50740763,1656.747169,33115.56622,2718.743243,609.940146,792897.0876,5432.91766,5670.021213,121504.9214,10441.40021,2022.711257,771656.6376,9015.128291,0,11.97809995,4.866189427,4.399306208,170718563.9,0,0.0,0.0,0.0,0.0,0.0,0.0,1002.93035,0.0,317435,0.0,0.0,0.0,0.0,0.0,0.0,0.0,0.0,0.0,0,0,32972.72016,30266.59372,7171340.414,2709215.57,0.0,0.0
2020-03-23,1984181.811,2498.606768,2409.792597,0,-33.03886363,1334.822081,25063.91591,1685.777678,62.53537959,83712.41338,555.6308173,3150.109649,63283.1618,5212.654181,291.0977881,107591.2398,1122.817751,0,7.807563049,5.355079092,3.725751458,133604758.9,0,0.0,0.0,0.0,0.0,0.0,0.0,1002.928798,254695.4319,393324,0.0,0.0,0.0,0.0,0.0,0.0,0.0,0.0,0.0,0,0,9046.102254,12167.20817,3148545.935,924553.0784,0.0,0.0
2020-03-30,1334901.005,1243.952374,4078.237424,0,-36.57045166,2091.412096,33257.3718,2852.943287,0.0,0.0,0.0,997.0429535,16846.23856,1316.823342,0.0,0.0,0.0,0,11.90951346,6.622848848,9.514612558,129361299.7,0,0.0,0.0,0.0,0.0,0.0,0.0,1002.928971,79137.48918,16008,0.0,0.0,0.0,0.0,0.0,0.0,0.0,0.0,0.0,0,0,0.0,8522.239416,1908037.004,0.0,0.0,0.0
2020-04-06,1732695.205,321.690113,5037.188726,0,-39.67673154,2076.438836,33616.73004,3523.780562,0.0,0.0,0.0,865.3663443,15072.34765,1279.090727,0.0,0.0,0.0,0,12.5343524,7.221213758,8.503176495,119706285.5,0,0.0,0.0,0.0,0.0,0.0,0.0,1002.928971,0.0,0,0.0,0.0,0.0,0.0,0.0,0.0,0.0,0.0,0.0,0,0,52852.06184,17590.40727,3000630.366,4278470.411,0.0,0.0
2020-04-13,1222968.217,141.014844,6563.246332,0,-36.09514687,2731.298762,46001.37754,4591.338762,0.0,0.0,0.0,570.3050463,11019.8789,1208.205553,0.0,0.0,0.0,0,8.02188816,5.72596046,7.156742065,121134685.8,0,0.0,0.0,0.0,0.0,0.0,0.0,1002.928971,19883.07294,0,0.0,0.0,0.0,0.0,0.0,0.0,0.0,0.0,0.0,0,0,59867.68966,37412.17517,8024097.343,5679895.015,0.0,0.0
2020-04-20,2260663.633,22.03356938,4484.78196,0,-35.12991381,1994.966687,30464.85883,3137.342743,903.6802741,1191002.158,4716.635688,280.0880382,5698.206173,634.3553674,0.0,0.0,0.0,0,7.953833998,7.612229768,6.474546837,156485328.6,0,0.0,0.0,0.0,0.0,0.0,0.0,1002.929144,299678.9666,97150,0.0,0.0,0.0,0.0,0.0,0.0,0.0,0.0,0.0,0,0,44996.22417,33268.3243,5715583.97,4038412.133,0.0,0.0
2020-04-27,3381277.189,907.153528,4689.738223,0,-32.92020444,2216.042465,31527.96028,3280.720515,1688.014859,4170048.919,11648.89744,314.4384579,9433.594128,977.7670833,0.0,0.0,0.0,0,6.744430209,6.530133313,3.707185361,168826952.7,0,0.0,0.0,2.969949,0.0,130978.7108,751.3296593,400.6725273,27096.31398,142800,0.0,0.0,0.0,0.0,0.0,0.0,0.0,0.0,0.0,0,0,27014.88801,21656.99657,4290087.144,1778582.84,0.0,0.0
2020-05-04,4270501.904,1666.367376,6439.757619,0,-30.278552,3538.974017,47160.48401,4504.95186,2897.766181,7732604.059,16882.51008,391.9470974,13199.36899,973.8299967,0.0,0.0,0.0,0,7.572205641,5.348033702,3.792638982,209546304.7,1,0.0,0.0,10.3948215,0.0,310261.6622,1395.669897,159.7699497,0.0,214743,0.0,0.0,0.0,0.0,0.0,0.0,220344.9505,0.0,0.0,0,0,15499.49976,20005.02584,3243721.086,1438400.227,0.0,0.0
2020-05-11,3224891.537,2035.901811,6969.658667,0,-28.45783463,3982.887134,50059.57136,4875.645736,1954.891197,6898398.389,16385.54249,336.0175678,10685.62289,762.843553,0.0,0.0,0.0,0,9.251834559,5.94627154,4.388794762,174549819.4,0,0.0,0.0,2.4749575,0.0,359378.6787,1337.086242,159.7699497,0.0,0,0.0,0.0,0.0,0.0,0.0,0.0,220344.9505,0.0,0.0,0,0,10919.5107,18207.29511,4203465.516,1028999.447,0.0,0.0
2020-05-18,4463840.953,1823.120484,7018.088452,0,-27.15618648,4096.507753,52007.85671,4909.524938,1553.25552,5673613.474,14476.82734,346.1465377,10131.61227,752.4503491,0.0,0.0,0.0,0,10.43649818,5.451363929,6.708728202,197129201.5,0,0.0,0.0,8.414855499,0.0,2106797.672,6956.752504,159.7694287,107493.7243,2200,0.0,0.0,0.0,0.0,0.0,0.0,0.0,0.0,0.0,0,0,9381.335388,9075.532774,1752840.803,857720.2502,0.0,0.0
2020-05-25,4432625.587,1434.070601,7864.662255,0,-28.22607772,4470.839251,52770.61218,5501.748195,1359.924311,3961000.632,11982.89046,646.9329058,21425.85414,2282.818801,0.0,0.0,0.0,0,12.72336636,6.743181225,4.96213861,176051668.8,0,0.0,0.0,5.4449065,0.0,2017715.042,8062.810342,159.7692545,0.0,109481,0.0,0.0,0.0,0.0,0.0,0.0,0.0,0.0,0.0,0,0,6876.921045,8405.992122,1476162.035,431792.8877,0.0,0.0
2020-06-01,4855216.295,2632.067245,7256.617579,0,-22.67371955,3931.801894,50590.24131,5076.388708,1121.673323,3511984.275,11384.66025,986.0332035,30479.3917,3638.185075,0.0,0.0,0.0,0,13.06026036,7.689753929,6.386119773,193168200.7,0,0.0,0.0,0.0,0.0,0.0,0.0,159.7689054,0.0,186000,0.0,0.0,0.0,0.0,0.0,0.0,0.0,0.0,0.0,0,0,8075.281131,10202.03515,2204792.265,838916.6666,0.0,0.0
2020-06-08,6452035.461,3648.129559,8397.912406,0,-21.76549268,5071.531207,165182.8013,5874.784946,880.7799942,2904304.211,8555.818633,1303.554391,41742.80627,5265.523,0.0,0.0,0.0,0,11.76943079,5.584644483,4.475147501,215701134.6,0,5296.765055,23762.54404,0.0,0.0,0.0,0.0,45.64820872,0.0,51744,0.0,0.0,0.0,0.0,0.0,0.0,0.0,0.0,0.0,0,0,9350.710967,14917.12541,2186651.02,897652.8523,0.0,0.0
2020-06-15,6185776.523,5379.968113,14037.02227,0,-21.81427858,11751.36668,764905.459,9819.641255,613.022876,1849406.343,7242.004401,1743.503999,56143.11878,8295.798128,0.0,0.0,0.0,0,11.96370695,5.18295338,5.111288116,267854037.6,0,5296.765055,23762.54404,0.0,0.0,0.0,0.0,0.0,0.0,69292,0.0,0.0,0.0,0.0,0.0,0.0,0.0,0.0,0.0,0,0,55578.89664,20349.83349,2135870.059,2714970.208,0.0,0.0
2020-06-22,4558502.434,6045.381908,19674.57901,0,-22.63621694,27946.26844,1295686.824,13763.41107,1533.43797,4185471.377,14390.41686,493.2367968,15006.72954,1539.607834,0.0,0.0,0.0,0,12.11667259,5.189285871,5.793240486,223622577.7,0,0.0,0.0,0.0,0.0,0.0,0.0,0.0,0.0,15654,0.0,0.0,0.0,0.0,0.0,0.0,0.0,0.0,0.0,0,0,58938.77884,29359.01917,3251466.238,2490921.041,0.0,0.0
2020-06-29,4176359.019,1284.24233,13157.0979,0,-29.12365833,11366.02544,851610.3224,9204.087506,824.8504646,2114752.766,7471.197884,1237.495892,31203.39286,4176.583866,0.0,0.0,0.0,0,12.88717053,5.985250667,6.042523773,219743576.8,0,0.0,0.0,0.0,0.0,0.0,0.0,0.0,0.0,153482,0.0,0.0,0.0,0.0,0.0,0.0,0.0,0.0,0.0,0,0,28296.63592,17111.53499,3265446.852,1631861.228,0.0,0.0
2020-07-06,6637140.637,0.0,5728.458127,0,-24.404308,4580.05597,179207.9015,4007.360156,1110.663573,2585260.595,6300.696725,4602.95625,100965.1319,12500.15739,0.0,0.0,0.0,0,19.66240817,5.810050983,11.37935382,221865401.3,0,0.0,0.0,0.0,0.0,0.0,0.0,0.0,0.0,301116,0.0,0.0,0.0,0.0,0.0,0.0,0.0,0.0,0.0,0,0,15535.43785,6121.468929,1903040.767,1294396.615,0.0,0.0
2020-07-13,5108492.555,2360.110046,2406.794383,0,-23.92829182,2142.937726,96985.76789,1683.680268,1233.091992,2311667.869,7787.838547,4917.394708,107404.5144,13274.68449,0.0,0.0,0.0,0,13.09630073,5.457902912,5.227572581,221376977.9,0,0.0,0.0,0.0,0.0,0.0,0.0,0.0,0.0,134007,0.0,0.0,0.0,0.0,0.0,0.0,0.0,0.0,0.0,0,0,15462.93943,1170.91945,427950.0022,1197434.463,0.0,0.0
2020-07-20,4614863.095,2834.146553,2017.104437,0,-23.99326637,1961.056657,92673.46904,1411.071491,1692.418759,3908670.41,14408.92676,4033.531984,93479.38274,11526.67971,0.0,0.0,0.0,0,13.71500322,5.734319415,3.915790769,217640963.8,0,0.0,0.0,0.0,0.0,0.0,0.0,0.0,49267.28445,646934,0.0,0.0,0.0,1554.597783,0.0,0.0,0.0,0.0,0.0,0,0,43452.11899,5976.914684,1223861.11,3373968.073,0.0,0.0
2020-07-27,4186855.895,2584.222923,3090.817191,0,-24.1869304,2863.415761,150938.3868,2162.190486,1986.599277,4708865.64,13939.36141,2422.144984,55280.83517,5155.544406,242.6548884,95028.23436,1710.508218,0,14.04053368,11.30090525,5.732616483,221901289.9,0,0.0,0.0,0.0,0.0,0.0,0.0,0.0,0.0,1236082,0.0,0.0,0.0,4402.225696,0.0,0.0,0.0,0.0,0.0,0,0,62524.42062,15273.50382,3561133.868,5092875.377,0.0,0.0
2020-08-03,11887165.03,2565.966537,8016.423576,0,-23.86327448,6091.03405,270049.7886,5607.913285,3964.390754,6115171.385,19421.96933,3927.838384,95750.47395,11166.38784,326.7693779,118403.695,2131.26651,0,23.92014091,6.38288299,5.068702485,253187719.9,0,0.0,147090.5727,0.0,0.0,0.0,0.0,0.0,0.0,169611,0.0,0.0,0.0,7159.158366,0.0,0.0,0.0,0.0,0.0,0,0,224059.495,24709.9533,4777560.01,20486123.96,6800000.0,26250.0
2020-08-10,6924504.234,2887.02712,9597.197982,0,-23.97775777,7435.104321,435152.8793,6713.748787,3576.847557,6598652.663,28691.57518,4497.70304,115070.3831,13657.29972,241.3337184,271437.4574,4885.874234,0,17.83351835,6.255958753,5.203089485,247021855.3,0,0.0,147090.5727,0.0,0.0,0.0,0.0,0.0,0.0,125555,0.0,0.0,0.0,0.0,0.0,0.0,0.0,0.0,0.0,0,0,293285.1357,34967.09566,6251010.959,7851355.686,6800000.0,26250.0
2020-08-17,6052938.522,3718.007451,12859.98095,0,-18.03729495,11240.95468,609513.4081,8996.238453,5145.076336,9995817.137,33088.29663,4003.145074,106799.859,12773.61316,1117.269423,261276.339,4702.974103,0,14.5776223,6.433396827,5.321524769,261127529.1,0,0.0,0.0,0.0,0.0,0.0,0.0,0.0,276406.6383,418846,0.0,0.0,0.0,0.0,0.0,0.0,0.0,0.0,0.0,0,0,129347.6369,40540.63282,6501338.809,9106172.943,6800000.0,26250.0
2020-08-24,8866605.569,2213.429427,26639.80585,0,-17.58048958,26631.26391,1746466.942,18635.95651,4760.615869,10587865.12,31950.00506,2283.422135,68335.31585,8467.563438,451.840137,311774.5388,5611.941699,1240,20.36230465,7.163638438,3.295872943,255883390.0,0,0.0,0.0,0.0,0.0,0.0,0.0,0.0,0.0,122957,0.0,0.0,0.0,0.0,0.0,0.0,0.0,0.0,0.0,0,0,135847.8312,40451.00755,7468074.87,11550366.7,6800000.0,26250.0
2020-08-31,7204538.991,2164.326044,12188.91717,0,-17.93709196,9787.667686,786266.5758,8526.793761,4246.680742,9157538.741,28279.40484,3304.686538,82691.14898,10665.09191,493.2367968,340258.5235,6124.653422,1573,18.35937029,6.249944151,2.880600184,250963651.5,0,0.0,0.0,0.0,0.0,0.0,0.0,0.0,49267.28445,230805,0.0,0.0,0.0,0.0,0.0,0.0,0.0,0.0,0.0,0,0,58180.77701,40243.33269,8210405.035,3541117.695,0.0,0.0
2020-09-07,4865201.117,2180.693838,6295.231172,0,-23.28809075,6665.302606,352921.9378,4403.847948,6224.031829,11432058.83,34102.46308,3508.587107,86361.7996,10899.98712,214.9103186,511789.5466,9212.211838,7788,15.59128651,5.475677108,2.463427197,255562058.9,0,0.0,50206.24884,0.0,0.0,0.0,0.0,0.0,0.0,167945,0.0,0.0,0.0,0.0,0.0,0.0,0.0,0.0,0.0,0,0,126576.3256,35125.49597,8182361.343,8996187.337,0.0,0.0
2020-09-14,5956462.568,2185.100552,7766.652481,0,-19.96826875,7075.746084,377519.0403,5433.185162,4210.128372,8729593.725,26867.78863,5048.190537,103197.0284,9390.127635,218.8738286,469895.2461,8458.11443,0,14.33971739,6.154393113,3.283687407,259468710.3,0,0.0,50206.24884,0.0,0.0,0.0,0.0,0.0,0.0,402661,0.0,0.0,0.0,0.0,0.0,0.0,0.0,0.0,0.0,0,0,73193.8177,33363.24118,5137817.195,3827204.796,0.0,0.0
2020-09-21,6710774.494,1993.093733,9289.42893,0,-19.11805398,8255.110496,623034.7022,6498.448018,4986.976327,12160226.96,52566.58267,6602.767227,133296.3635,13260.64926,429.8206372,999179.2853,17985.22714,1992,15.47296764,7.57022244,3.10421639,266869915.8,0,0.0,0.0,0.0,0.0,0.0,0.0,0.0,0.0,418922,0.0,0.0,0.0,0.0,0.0,0.0,0.0,0.0,0.0,0,0,32995.73993,51769.62442,7471089.711,1630085.129,0.0,0.0
2020-09-28,7833490.913,2197.061633,7605.000405,0,-18.81476124,7668.95141,475299.7122,5320.100964,6597.482547,10720461.26,63893.02092,5603.522323,116289.823,10203.41346,160.3019589,328798.695,5918.376509,0,12.14368668,6.586173737,3.055951184,265571974.5,0,0.0,0.0,0.0,0.0,0.0,0.0,0.0,0.0,216841,0.0,0.0,0.0,0.0,0.0,0.0,0.0,0.0,0.0,0,0,36727.6915,30047.12081,3843888.467,2621811.98,0.0,0.0
2020-10-05,6215606.925,3023.005719,9861.365698,0,-19.10342059,9283.421139,510299.7072,6898.548109,13478.13586,12600225.01,52769.27032,6392.260808,127206.2103,12389.41252,92.0415094,233434.8834,4201.827902,0,10.9829059,6.644087637,3.602467374,272241863.9,0,0.0,95915.80391,0.0,0.0,0.0,0.0,0.0,104609.6249,436983,0.0,0.0,0.0,0.0,0.0,0.0,0.0,0.0,0.0,0,0,44887.24904,23067.86354,2760476.562,3749939.057,0.0,0.0
2020-10-12,6647592.642,2528.824234,14136.51104,0,-19.76891138,11543.94299,700235.0687,9889.238922,17378.22968,12816757.28,54164.72692,6726.957206,140654.84,14482.86362,54.60835964,176601.2331,3178.822196,0,10.6922078,7.356357756,4.65170255,260710856.2,0,0.0,95915.80391,0.0,0.0,0.0,0.0,0.0,0.0,288940,0.0,0.0,0.0,0.0,0.0,0.0,0.0,0.0,0.0,0,0,44265.51445,15923.85938,2004294.774,3407058.837,0.0,0.0
2020-10-19,6008982.128,2564.707476,12750.31967,0,-18.50089067,9541.930067,641810.2893,8919.524568,15518.90311,10838053.32,41750.5484,7490.153071,160397.964,17020.25867,77.94902949,147900.5766,2662.210379,8,10.44784542,6.419283057,3.542726814,251774233.4,0,0.0,0.0,0.0,0.0,0.0,0.0,0.0,0.0,239376,0.0,0.0,0.0,0.0,0.0,0.0,0.0,0.0,0.0,0,0,43479.72841,31535.25097,6219106.607,3277065.826,0.0,0.0
2020-10-26,8869583.058,2326.115396,18898.15691,0,-18.79909725,12269.70571,983496.9975,13220.26265,10497.57636,8089536.188,49243.05567,5559.923713,124354.685,12364.10771,66.93927956,157453.5164,2834.163296,0,9.070032565,6.985426019,1.885006112,270547319.8,0,0.0,0.0,0.0,0.0,0.0,0.0,0.0,84593.89986,515156,1142766.246,7500.671898,963884.7169,5782.058549,0.0,0.0,0.0,0.0,0.0,0,0,44183.46854,45187.16737,8803723.394,3236990.473,0.0,0.0
2020-11-02,6830886.613,2791.338475,21112.12929,0,-18.38469478,15942.1179,1366843.278,14769.05371,4344.006931,4945666.424,27439.42304,6581.188117,149199.2867,15727.64356,15.8540399,43120.34618,776.1662312,0,7.093178059,6.49234674,3.547755772,325253860.5,0,0.0,30859.99472,0.0,0.0,0.0,0.0,0.0,0.0,435151,2433826.691,18561.2538,1752155.151,6934.072397,0.0,0.0,0.0,0.0,0.0,0,0,70324.9322,32041.23397,8947919.777,5301722.229,0.0,0.0
2020-11-09,9528321.39,3350.361607,22577.66019,0,-20.20370331,18765.89856,1519990.221,15794.27027,12770.86953,7757351.334,32451.40513,6171.625419,144055.972,15835.0723,0.440389997,904.1206641,16.27417195,0,7.518140476,5.999552328,2.617689052,357417346.1,0,0.0,30859.99472,0.0,0.0,0.0,0.0,0.0,0.0,402544,1619984.397,12794.77609,1250650.365,8889.118569,0.0,0.0,584233.6308,0.0,0.0,0,0,90198.23918,57237.28847,13490757.24,6852161.379,0.0,0.0
2020-11-16,9021896.3,10098.92914,50575.99136,0,-19.32930323,44553.37523,3577338.591,35380.58726,10994.33628,9100076.654,49872.1394,5634.790013,140569.4043,14284.19929,59.89303961,194707.4275,3504.733694,0,4.447054975,6.687593286,2.310151613,328854695.3,0,0.0,0.0,0.0,0.0,0.0,0.0,0.0,0.0,152659,1128224.869,9019.932007,1154181.575,11362.59828,0.0,0.0,584233.6308,0.0,0.0,0,0,114109.1174,64952.87029,13904400.93,7774496.723,0.0,0.0
2020-11-23,11920200.32,6108.964494,218001.0757,1,-34.62842803,118896.051,10407809.91,152503.3099,11100.02988,7450850.025,51353.46139,5430.008664,161706.3626,22846.26161,144.0075291,377382.9598,6792.893277,0,5.766451702,5.595031992,3.185455944,426779597.5,0,0.0,0.0,0.0,0.0,0.0,0.0,0.0,0.0,209733,1259994.359,14278.29607,2597686.115,26631.32589,1225803.587,6705.987103,0.0,0.0,0.0,0,0,88700.81465,79074.80797,14065397.2,5872779.916,0.0,0.0
2020-11-30,14622121.83,2824.703595,105341.195,0,-19.45859827,56896.18568,4094003.255,73691.75063,16974.83244,6419486.158,36643.5728,3889.964844,108114.8635,13650.29312,144.888309,255809.3376,4604.568077,0,7.306011955,5.895982587,4.683442126,478731178.1,0,0.0,47414.77388,755.8520204,0.0,892000.0,5714.091252,5606.720704,0.0,120205,465799.5386,6626.090688,465211.7628,7591.512698,1113465.714,6711.116447,0.0,0.0,0.0,0,0,71039.25356,90946.38405,13927095.83,5322599.522,0.0,0.0
2020-12-07,12472911.68,2513.715501,18308.9446,0,-19.25488302,14948.15767,1069767.196,12808.0774,16779.73967,7354512.952,47689.03595,7657.50127,173536.9995,17944.61966,87.19721943,95654.02854,1721.772514,2676,8.831138877,7.54232512,2.710911621,557692307.7,0,0.0,47414.77388,635.0740944,0.0,916000.0,6665.30534,33640.32423,0.0,69632,1286479.735,11108.22682,1286196.683,7679.847327,659472.2326,2981.053826,0.0,90929.3046,716820.7306,0,0,90475.65819,93958.40318,15570217.24,5529198.688,0.0,0.0
2020-12-14,12530145.32,1940.213167,25012.46058,0,-19.926177,17575.96478,1383143.433,17497.54222,24742.43121,14709025.9,104153.9733,10047.93817,187552.8516,18045.6231,48.88328968,52824.33976,950.8381157,1410,9.885327353,7.222037845,2.657595721,625000000.0,0,0.0,47414.77388,532.610854,0.0,1010000.0,6663.264906,0.0,0.0,82212,1977513.001,18980.03578,1977367.206,7663.219885,3615238.132,33821.19959,0.0,78156.02305,643577.2191,0,0,93652.96713,95475.53175,14534332.77,4305102.342,0.0,0.0
2020-12-21,13188094.56,2012.60918,30650.48856,0,-36.49707865,23008.1754,2164692.111,21441.64169,30633.08781,17879833.88,121469.0816,11431.20315,181749.3922,18298.45981,298.144028,345566.1037,6220.189867,282,13.24900993,7.998516735,2.669057072,673076923.1,0,0.0,0.0,510.3362365,0.0,1040000.0,6657.51945,0.0,35426.90573,377405,971934.9472,8474.643163,971741.2111,1496.85867,5070275.497,47349.67942,0.0,11743.19927,0.0,0,1,92203.81115,72103.44663,13070483.92,3900102.618,0.0,0.0
2020-12-28,5481824.173,1677.698926,16219.52,0,-35.31745764,16333.6246,1173712.887,11346.41412,15386.34572,8660576.685,56061.99102,8088.202687,127000.9885,12319.75163,40.07548974,59596.65714,1072.739828,1812,17.74837175,8.21646507,3.518185407,287335953.5,0,0.0,0.0,626.1642474,0.0,778984.4582,3778.032563,0.0,0.0,499268,172.7207186,0.0,58.44921657,0.0,2914031.277,27056.95967,0.0,0.0,0.0,0,0,39218.94839,18749.43411,4416851.923,1939259.609,0.0,0.0
